课程1,课程2,相似度
.NET程序设计A.txt,.NET程序设计A.txt,0.8019
.NET程序设计A.txt,CC++语言程序设计.txt,0.1740
.NET程序设计A.txt,IT基础实训.txt,0.1339
.NET程序设计A.txt,J2EE框架.txt,0.4001
.NET程序设计A.txt,Java框架.txt,0.2160
.NET程序设计A.txt,JAVA程序设计A.txt,0.3920
.NET程序设计A.txt,Linux程序设计.txt,0.1705
.NET程序设计A.txt,oracle数据库.txt,0.4026
.NET程序设计A.txt,python语言程序设计.txt,0.3059
.NET程序设计A.txt,Visual C++程序设计.txt,0.4018
.NET程序设计A.txt,Web开发基础与JSP.txt,0.2663
.NET程序设计A.txt,人机交互技术.txt,0.1728
.NET程序设计A.txt,信息安全A.txt,0.1331
.NET程序设计A.txt,嵌入式开发环境与工具.txt,0.2875
.NET程序设计A.txt,嵌入式系统开发.txt,0.3635
.NET程序设计A.txt,微机原理与接口技术.txt,0.2888
.NET程序设计A.txt,操作系统原理1.txt,0.2551
.NET程序设计A.txt,数字逻辑电路.txt,0.2174
.NET程序设计A.txt,数据库原理与应用1.txt,0.1718
.NET程序设计A.txt,数据结构1.txt,0.3460
.NET程序设计A.txt,概率论与数理统计.txt,0.2420
.NET程序设计A.txt,游戏程序设计.txt,0.1995
.NET程序设计A.txt,知识产权与软件保护.txt,0.2898
.NET程序设计A.txt,离散数学.txt,0.2975
.NET程序设计A.txt,算法设计与分析.txt,0.2684
.NET程序设计A.txt,线性代数1.txt,0.2720
.NET程序设计A.txt,编译原理1.txt,0.2621
.NET程序设计A.txt,计算机导论.txt,0.2665
.NET程序设计A.txt,计算机网络A.txt,0.2081
.NET程序设计A.txt,软件企业管理与文化.txt,0.3550
.NET程序设计A.txt,软件开发与测试实训.txt,0.1437
.NET程序设计A.txt,软件测试技术.txt,0.2790
.NET程序设计A.txt,软件设计.txt,0.3820
.NET程序设计A.txt,软件项目管理.txt,0.1540
.NET程序设计A.txt,需求工程与UML建模.txt,0.2146
.NET程序设计A.txt,面向对象程序设计C++（A）.txt,0.2677
.NET程序设计A.txt,高级语言程序设计与算法初步（C语言）.txt,0.2866
.NET程序设计A.txt,高级软件工程.txt,0.2799
CC++语言程序设计.txt,.NET程序设计A.txt,0.1003
CC++语言程序设计.txt,CC++语言程序设计.txt,0.8891
CC++语言程序设计.txt,IT基础实训.txt,0.2111
CC++语言程序设计.txt,J2EE框架.txt,0.3313
CC++语言程序设计.txt,Java框架.txt,0.2303
CC++语言程序设计.txt,JAVA程序设计A.txt,0.3919
CC++语言程序设计.txt,Linux程序设计.txt,0.2925
CC++语言程序设计.txt,oracle数据库.txt,0.0795
CC++语言程序设计.txt,python语言程序设计.txt,0.1520
CC++语言程序设计.txt,Visual C++程序设计.txt,0.3013
CC++语言程序设计.txt,Web开发基础与JSP.txt,0.2194
CC++语言程序设计.txt,人机交互技术.txt,0.3303
CC++语言程序设计.txt,信息安全A.txt,0.1374
CC++语言程序设计.txt,嵌入式开发环境与工具.txt,0.0920
CC++语言程序设计.txt,嵌入式系统开发.txt,0.3033
CC++语言程序设计.txt,微机原理与接口技术.txt,0.1468
CC++语言程序设计.txt,操作系统原理1.txt,0.1361
CC++语言程序设计.txt,数字逻辑电路.txt,0.1317
CC++语言程序设计.txt,数据库原理与应用1.txt,0.0728
CC++语言程序设计.txt,数据结构1.txt,0.2900
CC++语言程序设计.txt,概率论与数理统计.txt,0.3604
CC++语言程序设计.txt,游戏程序设计.txt,0.4084
CC++语言程序设计.txt,知识产权与软件保护.txt,0.0806
CC++语言程序设计.txt,离散数学.txt,0.3064
CC++语言程序设计.txt,算法设计与分析.txt,0.2026
CC++语言程序设计.txt,线性代数1.txt,0.2315
CC++语言程序设计.txt,编译原理1.txt,0.2224
CC++语言程序设计.txt,计算机导论.txt,0.1576
CC++语言程序设计.txt,计算机网络A.txt,0.1977
CC++语言程序设计.txt,软件企业管理与文化.txt,0.3616
CC++语言程序设计.txt,软件开发与测试实训.txt,0.1871
CC++语言程序设计.txt,软件测试技术.txt,0.1749
CC++语言程序设计.txt,软件设计.txt,0.1272
CC++语言程序设计.txt,软件项目管理.txt,0.2235
CC++语言程序设计.txt,需求工程与UML建模.txt,0.3178
CC++语言程序设计.txt,面向对象程序设计C++（A）.txt,0.5286
CC++语言程序设计.txt,高级语言程序设计与算法初步（C语言）.txt,0.1322
CC++语言程序设计.txt,高级软件工程.txt,0.1830
IT基础实训.txt,.NET程序设计A.txt,0.2858
IT基础实训.txt,CC++语言程序设计.txt,0.3015
IT基础实训.txt,IT基础实训.txt,0.8410
IT基础实训.txt,J2EE框架.txt,0.2783
IT基础实训.txt,Java框架.txt,0.3936
IT基础实训.txt,JAVA程序设计A.txt,0.2504
IT基础实训.txt,Linux程序设计.txt,0.4042
IT基础实训.txt,oracle数据库.txt,0.2737
IT基础实训.txt,python语言程序设计.txt,0.2513
IT基础实训.txt,Visual C++程序设计.txt,0.2483
IT基础实训.txt,Web开发基础与JSP.txt,0.3257
IT基础实训.txt,人机交互技术.txt,0.3402
IT基础实训.txt,信息安全A.txt,0.3261
IT基础实训.txt,嵌入式开发环境与工具.txt,0.2305
IT基础实训.txt,嵌入式系统开发.txt,0.2172
IT基础实训.txt,微机原理与接口技术.txt,0.2494
IT基础实训.txt,操作系统原理1.txt,0.2260
IT基础实训.txt,数字逻辑电路.txt,0.3757
IT基础实训.txt,数据库原理与应用1.txt,0.3214
IT基础实训.txt,数据结构1.txt,0.2416
IT基础实训.txt,概率论与数理统计.txt,0.3342
IT基础实训.txt,游戏程序设计.txt,0.2903
IT基础实训.txt,知识产权与软件保护.txt,0.2106
IT基础实训.txt,离散数学.txt,0.3302
IT基础实训.txt,算法设计与分析.txt,0.3659
IT基础实训.txt,线性代数1.txt,0.3498
IT基础实训.txt,编译原理1.txt,0.2217
IT基础实训.txt,计算机导论.txt,0.4349
IT基础实训.txt,计算机网络A.txt,0.3471
IT基础实训.txt,软件企业管理与文化.txt,0.2529
IT基础实训.txt,软件开发与测试实训.txt,0.2494
IT基础实训.txt,软件测试技术.txt,0.3350
IT基础实训.txt,软件设计.txt,0.3788
IT基础实训.txt,软件项目管理.txt,0.2321
IT基础实训.txt,需求工程与UML建模.txt,0.1841
IT基础实训.txt,面向对象程序设计C++（A）.txt,0.2877
IT基础实训.txt,高级语言程序设计与算法初步（C语言）.txt,0.2486
IT基础实训.txt,高级软件工程.txt,0.3007
J2EE框架.txt,.NET程序设计A.txt,0.4045
J2EE框架.txt,CC++语言程序设计.txt,0.2713
J2EE框架.txt,IT基础实训.txt,0.1560
J2EE框架.txt,J2EE框架.txt,0.8651
J2EE框架.txt,Java框架.txt,0.3735
J2EE框架.txt,JAVA程序设计A.txt,0.2759
J2EE框架.txt,Linux程序设计.txt,0.3617
J2EE框架.txt,oracle数据库.txt,0.2314
J2EE框架.txt,python语言程序设计.txt,0.2631
J2EE框架.txt,Visual C++程序设计.txt,0.3813
J2EE框架.txt,Web开发基础与JSP.txt,0.2706
J2EE框架.txt,人机交互技术.txt,0.2773
J2EE框架.txt,信息安全A.txt,0.3030
J2EE框架.txt,嵌入式开发环境与工具.txt,0.3082
J2EE框架.txt,嵌入式系统开发.txt,0.2458
J2EE框架.txt,微机原理与接口技术.txt,0.2724
J2EE框架.txt,操作系统原理1.txt,0.1679
J2EE框架.txt,数字逻辑电路.txt,0.1968
J2EE框架.txt,数据库原理与应用1.txt,0.2045
J2EE框架.txt,数据结构1.txt,0.3257
J2EE框架.txt,概率论与数理统计.txt,0.3892
J2EE框架.txt,游戏程序设计.txt,0.2904
J2EE框架.txt,知识产权与软件保护.txt,0.3638
J2EE框架.txt,离散数学.txt,0.2931
J2EE框架.txt,算法设计与分析.txt,0.3555
J2EE框架.txt,线性代数1.txt,0.2657
J2EE框架.txt,编译原理1.txt,0.2967
J2EE框架.txt,计算机导论.txt,0.3353
J2EE框架.txt,计算机网络A.txt,0.2461
J2EE框架.txt,软件企业管理与文化.txt,0.3165
J2EE框架.txt,软件开发与测试实训.txt,0.3298
J2EE框架.txt,软件测试技术.txt,0.3415
J2EE框架.txt,软件设计.txt,0.3679
J2EE框架.txt,软件项目管理.txt,0.2219
J2EE框架.txt,需求工程与UML建模.txt,0.3069
J2EE框架.txt,面向对象程序设计C++（A）.txt,0.3131
J2EE框架.txt,高级语言程序设计与算法初步（C语言）.txt,0.3747
J2EE框架.txt,高级软件工程.txt,0.3470
Java框架.txt,.NET程序设计A.txt,0.1716
Java框架.txt,CC++语言程序设计.txt,0.1946
Java框架.txt,IT基础实训.txt,0.2593
Java框架.txt,J2EE框架.txt,0.2022
Java框架.txt,Java框架.txt,0.8889
Java框架.txt,JAVA程序设计A.txt,0.4265
Java框架.txt,Linux程序设计.txt,0.1308
Java框架.txt,oracle数据库.txt,0.2915
Java框架.txt,python语言程序设计.txt,0.1391
Java框架.txt,Visual C++程序设计.txt,0.2057
Java框架.txt,Web开发基础与JSP.txt,0.2954
Java框架.txt,人机交互技术.txt,0.1324
Java框架.txt,信息安全A.txt,0.2848
Java框架.txt,嵌入式开发环境与工具.txt,0.1837
Java框架.txt,嵌入式系统开发.txt,0.1644
Java框架.txt,微机原理与接口技术.txt,0.3111
Java框架.txt,操作系统原理1.txt,0.2462
Java框架.txt,数字逻辑电路.txt,0.2062
Java框架.txt,数据库原理与应用1.txt,0.3063
Java框架.txt,数据结构1.txt,0.1644
Java框架.txt,概率论与数理统计.txt,0.1329
Java框架.txt,游戏程序设计.txt,0.1747
Java框架.txt,知识产权与软件保护.txt,0.2966
Java框架.txt,离散数学.txt,0.2357
Java框架.txt,算法设计与分析.txt,0.2604
Java框架.txt,线性代数1.txt,0.0722
Java框架.txt,编译原理1.txt,0.2114
Java框架.txt,计算机导论.txt,0.0997
Java框架.txt,计算机网络A.txt,0.2611
Java框架.txt,软件企业管理与文化.txt,0.1876
Java框架.txt,软件开发与测试实训.txt,0.2403
Java框架.txt,软件测试技术.txt,0.2603
Java框架.txt,软件设计.txt,0.1949
Java框架.txt,软件项目管理.txt,0.0748
Java框架.txt,需求工程与UML建模.txt,0.2862
Java框架.txt,面向对象程序设计C++（A）.txt,0.2062
Java框架.txt,高级语言程序设计与算法初步（C语言）.txt,0.1731
Java框架.txt,高级软件工程.txt,0.3573
JAVA程序设计A.txt,.NET程序设计A.txt,0.1946
JAVA程序设计A.txt,CC++语言程序设计.txt,0.3732
JAVA程序设计A.txt,IT基础实训.txt,0.2529
JAVA程序设计A.txt,J2EE框架.txt,0.3044
JAVA程序设计A.txt,Java框架.txt,0.4268
JAVA程序设计A.txt,JAVA程序设计A.txt,0.8151
JAVA程序设计A.txt,Linux程序设计.txt,0.2350
JAVA程序设计A.txt,oracle数据库.txt,0.2966
JAVA程序设计A.txt,python语言程序设计.txt,0.1681
JAVA程序设计A.txt,Visual C++程序设计.txt,0.4855
JAVA程序设计A.txt,Web开发基础与JSP.txt,0.2681
JAVA程序设计A.txt,人机交互技术.txt,0.3073
JAVA程序设计A.txt,信息安全A.txt,0.4084
JAVA程序设计A.txt,嵌入式开发环境与工具.txt,0.2481
JAVA程序设计A.txt,嵌入式系统开发.txt,0.3018
JAVA程序设计A.txt,微机原理与接口技术.txt,0.3451
JAVA程序设计A.txt,操作系统原理1.txt,0.2245
JAVA程序设计A.txt,数字逻辑电路.txt,0.3110
JAVA程序设计A.txt,数据库原理与应用1.txt,0.2587
JAVA程序设计A.txt,数据结构1.txt,0.2924
JAVA程序设计A.txt,概率论与数理统计.txt,0.2708
JAVA程序设计A.txt,游戏程序设计.txt,0.4181
JAVA程序设计A.txt,知识产权与软件保护.txt,0.2724
JAVA程序设计A.txt,离散数学.txt,0.3875
JAVA程序设计A.txt,算法设计与分析.txt,0.3047
JAVA程序设计A.txt,线性代数1.txt,0.3073
JAVA程序设计A.txt,编译原理1.txt,0.1360
JAVA程序设计A.txt,计算机导论.txt,0.1990
JAVA程序设计A.txt,计算机网络A.txt,0.2814
JAVA程序设计A.txt,软件企业管理与文化.txt,0.3305
JAVA程序设计A.txt,软件开发与测试实训.txt,0.1002
JAVA程序设计A.txt,软件测试技术.txt,0.2195
JAVA程序设计A.txt,软件设计.txt,0.4285
JAVA程序设计A.txt,软件项目管理.txt,0.0202
JAVA程序设计A.txt,需求工程与UML建模.txt,0.1278
JAVA程序设计A.txt,面向对象程序设计C++（A）.txt,0.3481
JAVA程序设计A.txt,高级语言程序设计与算法初步（C语言）.txt,0.1842
JAVA程序设计A.txt,高级软件工程.txt,0.2389
Linux程序设计.txt,.NET程序设计A.txt,0.3534
Linux程序设计.txt,CC++语言程序设计.txt,0.2862
Linux程序设计.txt,IT基础实训.txt,0.3915
Linux程序设计.txt,J2EE框架.txt,0.3378
Linux程序设计.txt,Java框架.txt,0.2572
Linux程序设计.txt,JAVA程序设计A.txt,0.1666
Linux程序设计.txt,Linux程序设计.txt,0.9372
Linux程序设计.txt,oracle数据库.txt,0.3921
Linux程序设计.txt,python语言程序设计.txt,0.3649
Linux程序设计.txt,Visual C++程序设计.txt,0.2510
Linux程序设计.txt,Web开发基础与JSP.txt,0.2436
Linux程序设计.txt,人机交互技术.txt,0.4258
Linux程序设计.txt,信息安全A.txt,0.3116
Linux程序设计.txt,嵌入式开发环境与工具.txt,0.3483
Linux程序设计.txt,嵌入式系统开发.txt,0.3727
Linux程序设计.txt,微机原理与接口技术.txt,0.1725
Linux程序设计.txt,操作系统原理1.txt,0.1930
Linux程序设计.txt,数字逻辑电路.txt,0.2042
Linux程序设计.txt,数据库原理与应用1.txt,0.2719
Linux程序设计.txt,数据结构1.txt,0.2942
Linux程序设计.txt,概率论与数理统计.txt,0.1774
Linux程序设计.txt,游戏程序设计.txt,0.2429
Linux程序设计.txt,知识产权与软件保护.txt,0.2501
Linux程序设计.txt,离散数学.txt,0.3096
Linux程序设计.txt,算法设计与分析.txt,0.2249
Linux程序设计.txt,线性代数1.txt,0.2910
Linux程序设计.txt,编译原理1.txt,0.1469
Linux程序设计.txt,计算机导论.txt,0.2817
Linux程序设计.txt,计算机网络A.txt,0.3850
Linux程序设计.txt,软件企业管理与文化.txt,0.2655
Linux程序设计.txt,软件开发与测试实训.txt,0.1470
Linux程序设计.txt,软件测试技术.txt,0.3911
Linux程序设计.txt,软件设计.txt,0.4944
Linux程序设计.txt,软件项目管理.txt,0.2701
Linux程序设计.txt,需求工程与UML建模.txt,0.3645
Linux程序设计.txt,面向对象程序设计C++（A）.txt,0.3196
Linux程序设计.txt,高级语言程序设计与算法初步（C语言）.txt,0.2193
Linux程序设计.txt,高级软件工程.txt,0.2740
oracle数据库.txt,.NET程序设计A.txt,0.3223
oracle数据库.txt,CC++语言程序设计.txt,0.0836
oracle数据库.txt,IT基础实训.txt,0.3114
oracle数据库.txt,J2EE框架.txt,0.2053
oracle数据库.txt,Java框架.txt,0.2415
oracle数据库.txt,JAVA程序设计A.txt,0.2039
oracle数据库.txt,Linux程序设计.txt,0.3056
oracle数据库.txt,oracle数据库.txt,0.8212
oracle数据库.txt,python语言程序设计.txt,0.2232
oracle数据库.txt,Visual C++程序设计.txt,0.3006
oracle数据库.txt,Web开发基础与JSP.txt,0.1865
oracle数据库.txt,人机交互技术.txt,0.2496
oracle数据库.txt,信息安全A.txt,0.2801
oracle数据库.txt,嵌入式开发环境与工具.txt,0.2011
oracle数据库.txt,嵌入式系统开发.txt,0.2563
oracle数据库.txt,微机原理与接口技术.txt,0.1145
oracle数据库.txt,操作系统原理1.txt,0.2520
oracle数据库.txt,数字逻辑电路.txt,0.1904
oracle数据库.txt,数据库原理与应用1.txt,0.4812
oracle数据库.txt,数据结构1.txt,0.2942
oracle数据库.txt,概率论与数理统计.txt,0.2256
oracle数据库.txt,游戏程序设计.txt,0.2105
oracle数据库.txt,知识产权与软件保护.txt,0.1690
oracle数据库.txt,离散数学.txt,0.2947
oracle数据库.txt,算法设计与分析.txt,0.1896
oracle数据库.txt,线性代数1.txt,0.2676
oracle数据库.txt,编译原理1.txt,0.0941
oracle数据库.txt,计算机导论.txt,0.4840
oracle数据库.txt,计算机网络A.txt,0.2487
oracle数据库.txt,软件企业管理与文化.txt,0.2541
oracle数据库.txt,软件开发与测试实训.txt,0.2439
oracle数据库.txt,软件测试技术.txt,0.1367
oracle数据库.txt,软件设计.txt,0.3160
oracle数据库.txt,软件项目管理.txt,0.2841
oracle数据库.txt,需求工程与UML建模.txt,0.3151
oracle数据库.txt,面向对象程序设计C++（A）.txt,0.2407
oracle数据库.txt,高级语言程序设计与算法初步（C语言）.txt,0.2251
oracle数据库.txt,高级软件工程.txt,0.3833
python语言程序设计.txt,.NET程序设计A.txt,0.4621
python语言程序设计.txt,CC++语言程序设计.txt,0.1803
python语言程序设计.txt,IT基础实训.txt,0.3345
python语言程序设计.txt,J2EE框架.txt,0.3974
python语言程序设计.txt,Java框架.txt,0.1477
python语言程序设计.txt,JAVA程序设计A.txt,0.3542
python语言程序设计.txt,Linux程序设计.txt,0.3493
python语言程序设计.txt,oracle数据库.txt,0.3117
python语言程序设计.txt,python语言程序设计.txt,0.8310
python语言程序设计.txt,Visual C++程序设计.txt,0.2598
python语言程序设计.txt,Web开发基础与JSP.txt,0.0390
python语言程序设计.txt,人机交互技术.txt,0.2466
python语言程序设计.txt,信息安全A.txt,0.3283
python语言程序设计.txt,嵌入式开发环境与工具.txt,0.3649
python语言程序设计.txt,嵌入式系统开发.txt,0.2981
python语言程序设计.txt,微机原理与接口技术.txt,0.1463
python语言程序设计.txt,操作系统原理1.txt,0.1754
python语言程序设计.txt,数字逻辑电路.txt,0.3922
python语言程序设计.txt,数据库原理与应用1.txt,0.1674
python语言程序设计.txt,数据结构1.txt,0.3886
python语言程序设计.txt,概率论与数理统计.txt,0.2372
python语言程序设计.txt,游戏程序设计.txt,0.4183
python语言程序设计.txt,知识产权与软件保护.txt,0.3229
python语言程序设计.txt,离散数学.txt,0.4133
python语言程序设计.txt,算法设计与分析.txt,0.2081
python语言程序设计.txt,线性代数1.txt,0.3555
python语言程序设计.txt,编译原理1.txt,0.3040
python语言程序设计.txt,计算机导论.txt,0.2823
python语言程序设计.txt,计算机网络A.txt,0.3403
python语言程序设计.txt,软件企业管理与文化.txt,0.4066
python语言程序设计.txt,软件开发与测试实训.txt,0.2662
python语言程序设计.txt,软件测试技术.txt,0.3551
python语言程序设计.txt,软件设计.txt,0.3783
python语言程序设计.txt,软件项目管理.txt,0.3724
python语言程序设计.txt,需求工程与UML建模.txt,0.3759
python语言程序设计.txt,面向对象程序设计C++（A）.txt,0.3013
python语言程序设计.txt,高级语言程序设计与算法初步（C语言）.txt,0.2738
python语言程序设计.txt,高级软件工程.txt,0.3282
Visual C++程序设计.txt,.NET程序设计A.txt,0.3860
Visual C++程序设计.txt,CC++语言程序设计.txt,0.3741
Visual C++程序设计.txt,IT基础实训.txt,0.2134
Visual C++程序设计.txt,J2EE框架.txt,0.3023
Visual C++程序设计.txt,Java框架.txt,0.2058
Visual C++程序设计.txt,JAVA程序设计A.txt,0.4490
Visual C++程序设计.txt,Linux程序设计.txt,0.1844
Visual C++程序设计.txt,oracle数据库.txt,0.2705
Visual C++程序设计.txt,python语言程序设计.txt,0.1895
Visual C++程序设计.txt,Visual C++程序设计.txt,0.7474
Visual C++程序设计.txt,Web开发基础与JSP.txt,0.1598
Visual C++程序设计.txt,人机交互技术.txt,0.2921
Visual C++程序设计.txt,信息安全A.txt,0.3237
Visual C++程序设计.txt,嵌入式开发环境与工具.txt,0.2465
Visual C++程序设计.txt,嵌入式系统开发.txt,0.2819
Visual C++程序设计.txt,微机原理与接口技术.txt,0.3195
Visual C++程序设计.txt,操作系统原理1.txt,0.2470
Visual C++程序设计.txt,数字逻辑电路.txt,0.2704
Visual C++程序设计.txt,数据库原理与应用1.txt,0.2866
Visual C++程序设计.txt,数据结构1.txt,0.2694
Visual C++程序设计.txt,概率论与数理统计.txt,0.3567
Visual C++程序设计.txt,游戏程序设计.txt,0.3946
Visual C++程序设计.txt,知识产权与软件保护.txt,0.2376
Visual C++程序设计.txt,离散数学.txt,0.2944
Visual C++程序设计.txt,算法设计与分析.txt,0.2443
Visual C++程序设计.txt,线性代数1.txt,0.3822
Visual C++程序设计.txt,编译原理1.txt,0.3331
Visual C++程序设计.txt,计算机导论.txt,0.1779
Visual C++程序设计.txt,计算机网络A.txt,0.1314
Visual C++程序设计.txt,软件企业管理与文化.txt,0.3220
Visual C++程序设计.txt,软件开发与测试实训.txt,0.1870
Visual C++程序设计.txt,软件测试技术.txt,0.1959
Visual C++程序设计.txt,软件设计.txt,0.2915
Visual C++程序设计.txt,软件项目管理.txt,0.2541
Visual C++程序设计.txt,需求工程与UML建模.txt,0.2736
Visual C++程序设计.txt,面向对象程序设计C++（A）.txt,0.6230
Visual C++程序设计.txt,高级语言程序设计与算法初步（C语言）.txt,0.2783
Visual C++程序设计.txt,高级软件工程.txt,0.1753
Web开发基础与JSP.txt,.NET程序设计A.txt,0.2335
Web开发基础与JSP.txt,CC++语言程序设计.txt,0.1777
Web开发基础与JSP.txt,IT基础实训.txt,0.1664
Web开发基础与JSP.txt,J2EE框架.txt,0.2563
Web开发基础与JSP.txt,Java框架.txt,0.2842
Web开发基础与JSP.txt,JAVA程序设计A.txt,0.2694
Web开发基础与JSP.txt,Linux程序设计.txt,0.3473
Web开发基础与JSP.txt,oracle数据库.txt,0.2191
Web开发基础与JSP.txt,python语言程序设计.txt,0.0719
Web开发基础与JSP.txt,Visual C++程序设计.txt,0.3232
Web开发基础与JSP.txt,Web开发基础与JSP.txt,0.8879
Web开发基础与JSP.txt,人机交互技术.txt,0.2763
Web开发基础与JSP.txt,信息安全A.txt,0.3144
Web开发基础与JSP.txt,嵌入式开发环境与工具.txt,0.2484
Web开发基础与JSP.txt,嵌入式系统开发.txt,0.2593
Web开发基础与JSP.txt,微机原理与接口技术.txt,0.1942
Web开发基础与JSP.txt,操作系统原理1.txt,0.2334
Web开发基础与JSP.txt,数字逻辑电路.txt,0.2522
Web开发基础与JSP.txt,数据库原理与应用1.txt,0.2541
Web开发基础与JSP.txt,数据结构1.txt,0.1934
Web开发基础与JSP.txt,概率论与数理统计.txt,0.1230
Web开发基础与JSP.txt,游戏程序设计.txt,0.3095
Web开发基础与JSP.txt,知识产权与软件保护.txt,0.1899
Web开发基础与JSP.txt,离散数学.txt,0.3091
Web开发基础与JSP.txt,算法设计与分析.txt,0.2457
Web开发基础与JSP.txt,线性代数1.txt,0.2572
Web开发基础与JSP.txt,编译原理1.txt,0.1938
Web开发基础与JSP.txt,计算机导论.txt,0.1900
Web开发基础与JSP.txt,计算机网络A.txt,0.2051
Web开发基础与JSP.txt,软件企业管理与文化.txt,0.1962
Web开发基础与JSP.txt,软件开发与测试实训.txt,0.1577
Web开发基础与JSP.txt,软件测试技术.txt,0.3107
Web开发基础与JSP.txt,软件设计.txt,0.1900
Web开发基础与JSP.txt,软件项目管理.txt,0.1113
Web开发基础与JSP.txt,需求工程与UML建模.txt,0.2326
Web开发基础与JSP.txt,面向对象程序设计C++（A）.txt,0.2271
Web开发基础与JSP.txt,高级语言程序设计与算法初步（C语言）.txt,0.1620
Web开发基础与JSP.txt,高级软件工程.txt,0.2439
人机交互技术.txt,.NET程序设计A.txt,0.2058
人机交互技术.txt,CC++语言程序设计.txt,0.4002
人机交互技术.txt,IT基础实训.txt,0.3094
人机交互技术.txt,J2EE框架.txt,0.3593
人机交互技术.txt,Java框架.txt,0.1553
人机交互技术.txt,JAVA程序设计A.txt,0.3110
人机交互技术.txt,Linux程序设计.txt,0.4344
人机交互技术.txt,oracle数据库.txt,0.2402
人机交互技术.txt,python语言程序设计.txt,0.2612
人机交互技术.txt,Visual C++程序设计.txt,0.1949
人机交互技术.txt,Web开发基础与JSP.txt,0.2394
人机交互技术.txt,人机交互技术.txt,0.8779
人机交互技术.txt,信息安全A.txt,0.2276
人机交互技术.txt,嵌入式开发环境与工具.txt,0.2147
人机交互技术.txt,嵌入式系统开发.txt,0.2494
人机交互技术.txt,微机原理与接口技术.txt,0.2344
人机交互技术.txt,操作系统原理1.txt,0.1774
人机交互技术.txt,数字逻辑电路.txt,0.4124
人机交互技术.txt,数据库原理与应用1.txt,0.2261
人机交互技术.txt,数据结构1.txt,0.3673
人机交互技术.txt,概率论与数理统计.txt,0.4049
人机交互技术.txt,游戏程序设计.txt,0.3419
人机交互技术.txt,知识产权与软件保护.txt,0.3400
人机交互技术.txt,离散数学.txt,0.2738
人机交互技术.txt,算法设计与分析.txt,0.1629
人机交互技术.txt,线性代数1.txt,0.4554
人机交互技术.txt,编译原理1.txt,0.1669
人机交互技术.txt,计算机导论.txt,0.3811
人机交互技术.txt,计算机网络A.txt,0.3180
人机交互技术.txt,软件企业管理与文化.txt,0.4084
人机交互技术.txt,软件开发与测试实训.txt,0.2060
人机交互技术.txt,软件测试技术.txt,0.3183
人机交互技术.txt,软件设计.txt,0.2955
人机交互技术.txt,软件项目管理.txt,0.1814
人机交互技术.txt,需求工程与UML建模.txt,0.4210
人机交互技术.txt,面向对象程序设计C++（A）.txt,0.2610
人机交互技术.txt,高级语言程序设计与算法初步（C语言）.txt,0.2268
人机交互技术.txt,高级软件工程.txt,0.2080
信息安全A.txt,.NET程序设计A.txt,0.2748
信息安全A.txt,CC++语言程序设计.txt,0.3808
信息安全A.txt,IT基础实训.txt,0.2976
信息安全A.txt,J2EE框架.txt,0.2525
信息安全A.txt,Java框架.txt,0.2747
信息安全A.txt,JAVA程序设计A.txt,0.3776
信息安全A.txt,Linux程序设计.txt,0.4169
信息安全A.txt,oracle数据库.txt,0.3157
信息安全A.txt,python语言程序设计.txt,0.2151
信息安全A.txt,Visual C++程序设计.txt,0.3142
信息安全A.txt,Web开发基础与JSP.txt,0.4238
信息安全A.txt,人机交互技术.txt,0.1875
信息安全A.txt,信息安全A.txt,0.9053
信息安全A.txt,嵌入式开发环境与工具.txt,0.2738
信息安全A.txt,嵌入式系统开发.txt,0.3080
信息安全A.txt,微机原理与接口技术.txt,0.1730
信息安全A.txt,操作系统原理1.txt,0.3730
信息安全A.txt,数字逻辑电路.txt,0.3115
信息安全A.txt,数据库原理与应用1.txt,0.3059
信息安全A.txt,数据结构1.txt,0.2527
信息安全A.txt,概率论与数理统计.txt,0.3451
信息安全A.txt,游戏程序设计.txt,0.3556
信息安全A.txt,知识产权与软件保护.txt,0.4038
信息安全A.txt,离散数学.txt,0.3544
信息安全A.txt,算法设计与分析.txt,0.2730
信息安全A.txt,线性代数1.txt,0.2792
信息安全A.txt,编译原理1.txt,0.2833
信息安全A.txt,计算机导论.txt,0.2054
信息安全A.txt,计算机网络A.txt,0.2830
信息安全A.txt,软件企业管理与文化.txt,0.3214
信息安全A.txt,软件开发与测试实训.txt,0.1602
信息安全A.txt,软件测试技术.txt,0.3265
信息安全A.txt,软件设计.txt,0.3206
信息安全A.txt,软件项目管理.txt,0.3060
信息安全A.txt,需求工程与UML建模.txt,0.3359
信息安全A.txt,面向对象程序设计C++（A）.txt,0.3344
信息安全A.txt,高级语言程序设计与算法初步（C语言）.txt,0.2657
信息安全A.txt,高级软件工程.txt,0.3220
嵌入式开发环境与工具.txt,.NET程序设计A.txt,0.2131
嵌入式开发环境与工具.txt,CC++语言程序设计.txt,0.1012
嵌入式开发环境与工具.txt,IT基础实训.txt,0.1099
嵌入式开发环境与工具.txt,J2EE框架.txt,0.2938
嵌入式开发环境与工具.txt,Java框架.txt,0.2073
嵌入式开发环境与工具.txt,JAVA程序设计A.txt,0.1538
嵌入式开发环境与工具.txt,Linux程序设计.txt,0.3170
嵌入式开发环境与工具.txt,oracle数据库.txt,0.2884
嵌入式开发环境与工具.txt,python语言程序设计.txt,0.2260
嵌入式开发环境与工具.txt,Visual C++程序设计.txt,0.0882
嵌入式开发环境与工具.txt,Web开发基础与JSP.txt,0.2889
嵌入式开发环境与工具.txt,人机交互技术.txt,0.0617
嵌入式开发环境与工具.txt,信息安全A.txt,0.1644
嵌入式开发环境与工具.txt,嵌入式开发环境与工具.txt,0.8693
嵌入式开发环境与工具.txt,嵌入式系统开发.txt,0.5106
嵌入式开发环境与工具.txt,微机原理与接口技术.txt,0.4864
嵌入式开发环境与工具.txt,操作系统原理1.txt,0.2732
嵌入式开发环境与工具.txt,数字逻辑电路.txt,0.2326
嵌入式开发环境与工具.txt,数据库原理与应用1.txt,0.2499
嵌入式开发环境与工具.txt,数据结构1.txt,0.2413
嵌入式开发环境与工具.txt,概率论与数理统计.txt,0.1809
嵌入式开发环境与工具.txt,游戏程序设计.txt,0.2290
嵌入式开发环境与工具.txt,知识产权与软件保护.txt,0.2679
嵌入式开发环境与工具.txt,离散数学.txt,0.3405
嵌入式开发环境与工具.txt,算法设计与分析.txt,0.2477
嵌入式开发环境与工具.txt,线性代数1.txt,0.1161
嵌入式开发环境与工具.txt,编译原理1.txt,0.2110
嵌入式开发环境与工具.txt,计算机导论.txt,0.2307
嵌入式开发环境与工具.txt,计算机网络A.txt,0.2053
嵌入式开发环境与工具.txt,软件企业管理与文化.txt,0.1941
嵌入式开发环境与工具.txt,软件开发与测试实训.txt,0.2676
嵌入式开发环境与工具.txt,软件测试技术.txt,0.3630
嵌入式开发环境与工具.txt,软件设计.txt,0.3469
嵌入式开发环境与工具.txt,软件项目管理.txt,0.1482
嵌入式开发环境与工具.txt,需求工程与UML建模.txt,0.2274
嵌入式开发环境与工具.txt,面向对象程序设计C++（A）.txt,0.0375
嵌入式开发环境与工具.txt,高级语言程序设计与算法初步（C语言）.txt,0.2165
嵌入式开发环境与工具.txt,高级软件工程.txt,0.1461
嵌入式系统开发.txt,.NET程序设计A.txt,0.3386
嵌入式系统开发.txt,CC++语言程序设计.txt,0.4019
嵌入式系统开发.txt,IT基础实训.txt,0.3331
嵌入式系统开发.txt,J2EE框架.txt,0.2342
嵌入式系统开发.txt,Java框架.txt,0.2018
嵌入式系统开发.txt,JAVA程序设计A.txt,0.3100
嵌入式系统开发.txt,Linux程序设计.txt,0.3634
嵌入式系统开发.txt,oracle数据库.txt,0.2812
嵌入式系统开发.txt,python语言程序设计.txt,0.2565
嵌入式系统开发.txt,Visual C++程序设计.txt,0.2677
嵌入式系统开发.txt,Web开发基础与JSP.txt,0.3149
嵌入式系统开发.txt,人机交互技术.txt,0.3506
嵌入式系统开发.txt,信息安全A.txt,0.1923
嵌入式系统开发.txt,嵌入式开发环境与工具.txt,0.4620
嵌入式系统开发.txt,嵌入式系统开发.txt,0.9407
嵌入式系统开发.txt,微机原理与接口技术.txt,0.3372
嵌入式系统开发.txt,操作系统原理1.txt,0.2332
嵌入式系统开发.txt,数字逻辑电路.txt,0.2459
嵌入式系统开发.txt,数据库原理与应用1.txt,0.0534
嵌入式系统开发.txt,数据结构1.txt,0.3780
嵌入式系统开发.txt,概率论与数理统计.txt,0.1760
嵌入式系统开发.txt,游戏程序设计.txt,0.3208
嵌入式系统开发.txt,知识产权与软件保护.txt,0.3367
嵌入式系统开发.txt,离散数学.txt,0.4066
嵌入式系统开发.txt,算法设计与分析.txt,0.2483
嵌入式系统开发.txt,线性代数1.txt,0.3670
嵌入式系统开发.txt,编译原理1.txt,0.3157
嵌入式系统开发.txt,计算机导论.txt,0.3288
嵌入式系统开发.txt,计算机网络A.txt,0.3738
嵌入式系统开发.txt,软件企业管理与文化.txt,0.4777
嵌入式系统开发.txt,软件开发与测试实训.txt,0.3287
嵌入式系统开发.txt,软件测试技术.txt,0.2411
嵌入式系统开发.txt,软件设计.txt,0.3464
嵌入式系统开发.txt,软件项目管理.txt,0.2543
嵌入式系统开发.txt,需求工程与UML建模.txt,0.3815
嵌入式系统开发.txt,面向对象程序设计C++（A）.txt,0.3223
嵌入式系统开发.txt,高级语言程序设计与算法初步（C语言）.txt,0.2637
嵌入式系统开发.txt,高级软件工程.txt,0.2494
微机原理与接口技术.txt,.NET程序设计A.txt,0.1570
微机原理与接口技术.txt,CC++语言程序设计.txt,0.2885
微机原理与接口技术.txt,IT基础实训.txt,0.3010
微机原理与接口技术.txt,J2EE框架.txt,0.1633
微机原理与接口技术.txt,Java框架.txt,0.2278
微机原理与接口技术.txt,JAVA程序设计A.txt,0.2511
微机原理与接口技术.txt,Linux程序设计.txt,0.2369
微机原理与接口技术.txt,oracle数据库.txt,0.1328
微机原理与接口技术.txt,python语言程序设计.txt,0.1234
微机原理与接口技术.txt,Visual C++程序设计.txt,0.1992
微机原理与接口技术.txt,Web开发基础与JSP.txt,0.2822
微机原理与接口技术.txt,人机交互技术.txt,0.2270
微机原理与接口技术.txt,信息安全A.txt,0.2566
微机原理与接口技术.txt,嵌入式开发环境与工具.txt,0.3377
微机原理与接口技术.txt,嵌入式系统开发.txt,0.4743
微机原理与接口技术.txt,微机原理与接口技术.txt,0.8655
微机原理与接口技术.txt,操作系统原理1.txt,0.4025
微机原理与接口技术.txt,数字逻辑电路.txt,0.2834
微机原理与接口技术.txt,数据库原理与应用1.txt,-0.0277
微机原理与接口技术.txt,数据结构1.txt,0.2854
微机原理与接口技术.txt,概率论与数理统计.txt,0.1645
微机原理与接口技术.txt,游戏程序设计.txt,0.2355
微机原理与接口技术.txt,知识产权与软件保护.txt,0.3579
微机原理与接口技术.txt,离散数学.txt,0.2541
微机原理与接口技术.txt,算法设计与分析.txt,0.2471
微机原理与接口技术.txt,线性代数1.txt,0.1145
微机原理与接口技术.txt,编译原理1.txt,0.2925
微机原理与接口技术.txt,计算机导论.txt,0.2283
微机原理与接口技术.txt,计算机网络A.txt,0.2255
微机原理与接口技术.txt,软件企业管理与文化.txt,0.2371
微机原理与接口技术.txt,软件开发与测试实训.txt,0.3360
微机原理与接口技术.txt,软件测试技术.txt,0.2713
微机原理与接口技术.txt,软件设计.txt,0.1409
微机原理与接口技术.txt,软件项目管理.txt,0.1510
微机原理与接口技术.txt,需求工程与UML建模.txt,0.2798
微机原理与接口技术.txt,面向对象程序设计C++（A）.txt,0.1085
微机原理与接口技术.txt,高级语言程序设计与算法初步（C语言）.txt,0.2289
微机原理与接口技术.txt,高级软件工程.txt,0.2310
操作系统原理1.txt,.NET程序设计A.txt,0.2004
操作系统原理1.txt,CC++语言程序设计.txt,0.1532
操作系统原理1.txt,IT基础实训.txt,0.2231
操作系统原理1.txt,J2EE框架.txt,0.1653
操作系统原理1.txt,Java框架.txt,0.3133
操作系统原理1.txt,JAVA程序设计A.txt,0.2395
操作系统原理1.txt,Linux程序设计.txt,0.2324
操作系统原理1.txt,oracle数据库.txt,0.1933
操作系统原理1.txt,python语言程序设计.txt,0.1867
操作系统原理1.txt,Visual C++程序设计.txt,0.2934
操作系统原理1.txt,Web开发基础与JSP.txt,0.3075
操作系统原理1.txt,人机交互技术.txt,0.3427
操作系统原理1.txt,信息安全A.txt,0.3347
操作系统原理1.txt,嵌入式开发环境与工具.txt,0.1498
操作系统原理1.txt,嵌入式系统开发.txt,0.2645
操作系统原理1.txt,微机原理与接口技术.txt,0.2944
操作系统原理1.txt,操作系统原理1.txt,0.9086
操作系统原理1.txt,数字逻辑电路.txt,0.4020
操作系统原理1.txt,数据库原理与应用1.txt,0.1351
操作系统原理1.txt,数据结构1.txt,0.1634
操作系统原理1.txt,概率论与数理统计.txt,0.2849
操作系统原理1.txt,游戏程序设计.txt,0.2456
操作系统原理1.txt,知识产权与软件保护.txt,0.5439
操作系统原理1.txt,离散数学.txt,0.4545
操作系统原理1.txt,算法设计与分析.txt,0.3294
操作系统原理1.txt,线性代数1.txt,0.3358
操作系统原理1.txt,编译原理1.txt,0.2192
操作系统原理1.txt,计算机导论.txt,0.2978
操作系统原理1.txt,计算机网络A.txt,0.3043
操作系统原理1.txt,软件企业管理与文化.txt,0.3754
操作系统原理1.txt,软件开发与测试实训.txt,0.1949
操作系统原理1.txt,软件测试技术.txt,0.3374
操作系统原理1.txt,软件设计.txt,0.2686
操作系统原理1.txt,软件项目管理.txt,0.3093
操作系统原理1.txt,需求工程与UML建模.txt,0.3474
操作系统原理1.txt,面向对象程序设计C++（A）.txt,0.1524
操作系统原理1.txt,高级语言程序设计与算法初步（C语言）.txt,0.3717
操作系统原理1.txt,高级软件工程.txt,0.3230
数字逻辑电路.txt,.NET程序设计A.txt,0.3105
数字逻辑电路.txt,CC++语言程序设计.txt,0.1676
数字逻辑电路.txt,IT基础实训.txt,0.2427
数字逻辑电路.txt,J2EE框架.txt,0.2118
数字逻辑电路.txt,Java框架.txt,0.2031
数字逻辑电路.txt,JAVA程序设计A.txt,0.3340
数字逻辑电路.txt,Linux程序设计.txt,0.3138
数字逻辑电路.txt,oracle数据库.txt,0.3267
数字逻辑电路.txt,python语言程序设计.txt,0.3673
数字逻辑电路.txt,Visual C++程序设计.txt,0.2805
数字逻辑电路.txt,Web开发基础与JSP.txt,0.3614
数字逻辑电路.txt,人机交互技术.txt,0.3381
数字逻辑电路.txt,信息安全A.txt,0.3112
数字逻辑电路.txt,嵌入式开发环境与工具.txt,0.2509
数字逻辑电路.txt,嵌入式系统开发.txt,0.2456
数字逻辑电路.txt,微机原理与接口技术.txt,0.3653
数字逻辑电路.txt,操作系统原理1.txt,0.3390
数字逻辑电路.txt,数字逻辑电路.txt,0.8703
数字逻辑电路.txt,数据库原理与应用1.txt,0.3434
数字逻辑电路.txt,数据结构1.txt,0.3045
数字逻辑电路.txt,概率论与数理统计.txt,0.2575
数字逻辑电路.txt,游戏程序设计.txt,0.3383
数字逻辑电路.txt,知识产权与软件保护.txt,0.2589
数字逻辑电路.txt,离散数学.txt,0.1644
数字逻辑电路.txt,算法设计与分析.txt,0.1525
数字逻辑电路.txt,线性代数1.txt,0.4385
数字逻辑电路.txt,编译原理1.txt,0.2399
数字逻辑电路.txt,计算机导论.txt,0.2870
数字逻辑电路.txt,计算机网络A.txt,0.3660
数字逻辑电路.txt,软件企业管理与文化.txt,0.3259
数字逻辑电路.txt,软件开发与测试实训.txt,0.2203
数字逻辑电路.txt,软件测试技术.txt,0.2843
数字逻辑电路.txt,软件设计.txt,0.3628
数字逻辑电路.txt,软件项目管理.txt,0.2923
数字逻辑电路.txt,需求工程与UML建模.txt,0.2525
数字逻辑电路.txt,面向对象程序设计C++（A）.txt,0.2341
数字逻辑电路.txt,高级语言程序设计与算法初步（C语言）.txt,0.2105
数字逻辑电路.txt,高级软件工程.txt,0.3022
数据库原理与应用1.txt,.NET程序设计A.txt,0.3284
数据库原理与应用1.txt,CC++语言程序设计.txt,0.1281
数据库原理与应用1.txt,IT基础实训.txt,0.1947
数据库原理与应用1.txt,J2EE框架.txt,0.1639
数据库原理与应用1.txt,Java框架.txt,0.2103
数据库原理与应用1.txt,JAVA程序设计A.txt,0.2176
数据库原理与应用1.txt,Linux程序设计.txt,0.2458
数据库原理与应用1.txt,oracle数据库.txt,0.4233
数据库原理与应用1.txt,python语言程序设计.txt,0.1811
数据库原理与应用1.txt,Visual C++程序设计.txt,0.3145
数据库原理与应用1.txt,Web开发基础与JSP.txt,0.2269
数据库原理与应用1.txt,人机交互技术.txt,0.2032
数据库原理与应用1.txt,信息安全A.txt,0.4187
数据库原理与应用1.txt,嵌入式开发环境与工具.txt,0.1745
数据库原理与应用1.txt,嵌入式系统开发.txt,0.0200
数据库原理与应用1.txt,微机原理与接口技术.txt,0.0553
数据库原理与应用1.txt,操作系统原理1.txt,0.1587
数据库原理与应用1.txt,数字逻辑电路.txt,0.3022
数据库原理与应用1.txt,数据库原理与应用1.txt,0.9010
数据库原理与应用1.txt,数据结构1.txt,0.2327
数据库原理与应用1.txt,概率论与数理统计.txt,0.3040
数据库原理与应用1.txt,游戏程序设计.txt,0.1543
数据库原理与应用1.txt,知识产权与软件保护.txt,0.2806
数据库原理与应用1.txt,离散数学.txt,0.4128
数据库原理与应用1.txt,算法设计与分析.txt,0.2655
数据库原理与应用1.txt,线性代数1.txt,0.1403
数据库原理与应用1.txt,编译原理1.txt,0.3081
数据库原理与应用1.txt,计算机导论.txt,0.2520
数据库原理与应用1.txt,计算机网络A.txt,0.3645
数据库原理与应用1.txt,软件企业管理与文化.txt,0.0810
数据库原理与应用1.txt,软件开发与测试实训.txt,0.1991
数据库原理与应用1.txt,软件测试技术.txt,0.2575
数据库原理与应用1.txt,软件设计.txt,0.1527
数据库原理与应用1.txt,软件项目管理.txt,0.3172
数据库原理与应用1.txt,需求工程与UML建模.txt,0.4026
数据库原理与应用1.txt,面向对象程序设计C++（A）.txt,0.2499
数据库原理与应用1.txt,高级语言程序设计与算法初步（C语言）.txt,0.2914
数据库原理与应用1.txt,高级软件工程.txt,0.3548
数据结构1.txt,.NET程序设计A.txt,0.2491
数据结构1.txt,CC++语言程序设计.txt,0.4229
数据结构1.txt,IT基础实训.txt,0.3206
数据结构1.txt,J2EE框架.txt,0.3850
数据结构1.txt,Java框架.txt,0.1472
数据结构1.txt,JAVA程序设计A.txt,0.2951
数据结构1.txt,Linux程序设计.txt,0.2584
数据结构1.txt,oracle数据库.txt,0.2331
数据结构1.txt,python语言程序设计.txt,0.2924
数据结构1.txt,Visual C++程序设计.txt,0.3093
数据结构1.txt,Web开发基础与JSP.txt,0.2420
数据结构1.txt,人机交互技术.txt,0.3104
数据结构1.txt,信息安全A.txt,0.2964
数据结构1.txt,嵌入式开发环境与工具.txt,0.2394
数据结构1.txt,嵌入式系统开发.txt,0.3931
数据结构1.txt,微机原理与接口技术.txt,0.2899
数据结构1.txt,操作系统原理1.txt,0.3163
数据结构1.txt,数字逻辑电路.txt,0.2279
数据结构1.txt,数据库原理与应用1.txt,0.1929
数据结构1.txt,数据结构1.txt,0.9121
数据结构1.txt,概率论与数理统计.txt,0.2551
数据结构1.txt,游戏程序设计.txt,0.3153
数据结构1.txt,知识产权与软件保护.txt,0.2357
数据结构1.txt,离散数学.txt,0.2805
数据结构1.txt,算法设计与分析.txt,0.4659
数据结构1.txt,线性代数1.txt,0.3336
数据结构1.txt,编译原理1.txt,0.4153
数据结构1.txt,计算机导论.txt,0.3422
数据结构1.txt,计算机网络A.txt,0.4311
数据结构1.txt,软件企业管理与文化.txt,0.3269
数据结构1.txt,软件开发与测试实训.txt,0.3552
数据结构1.txt,软件测试技术.txt,0.1389
数据结构1.txt,软件设计.txt,0.3396
数据结构1.txt,软件项目管理.txt,0.2775
数据结构1.txt,需求工程与UML建模.txt,0.4128
数据结构1.txt,面向对象程序设计C++（A）.txt,0.3127
数据结构1.txt,高级语言程序设计与算法初步（C语言）.txt,0.4126
数据结构1.txt,高级软件工程.txt,0.2342
概率论与数理统计.txt,.NET程序设计A.txt,0.1198
概率论与数理统计.txt,CC++语言程序设计.txt,0.2637
概率论与数理统计.txt,IT基础实训.txt,0.2930
概率论与数理统计.txt,J2EE框架.txt,0.1982
概率论与数理统计.txt,Java框架.txt,0.1623
概率论与数理统计.txt,JAVA程序设计A.txt,0.2595
概率论与数理统计.txt,Linux程序设计.txt,0.0920
概率论与数理统计.txt,oracle数据库.txt,0.1603
概率论与数理统计.txt,python语言程序设计.txt,0.2608
概率论与数理统计.txt,Visual C++程序设计.txt,0.2650
概率论与数理统计.txt,Web开发基础与JSP.txt,0.1268
概率论与数理统计.txt,人机交互技术.txt,0.1857
概率论与数理统计.txt,信息安全A.txt,0.2463
概率论与数理统计.txt,嵌入式开发环境与工具.txt,0.0951
概率论与数理统计.txt,嵌入式系统开发.txt,0.3077
概率论与数理统计.txt,微机原理与接口技术.txt,0.2643
概率论与数理统计.txt,操作系统原理1.txt,0.2826
概率论与数理统计.txt,数字逻辑电路.txt,0.2527
概率论与数理统计.txt,数据库原理与应用1.txt,0.2900
概率论与数理统计.txt,数据结构1.txt,0.4038
概率论与数理统计.txt,概率论与数理统计.txt,0.8295
概率论与数理统计.txt,游戏程序设计.txt,0.2919
概率论与数理统计.txt,知识产权与软件保护.txt,0.2620
概率论与数理统计.txt,离散数学.txt,0.3218
概率论与数理统计.txt,算法设计与分析.txt,0.1571
概率论与数理统计.txt,线性代数1.txt,0.2397
概率论与数理统计.txt,编译原理1.txt,0.2933
概率论与数理统计.txt,计算机导论.txt,0.4430
概率论与数理统计.txt,计算机网络A.txt,0.2806
概率论与数理统计.txt,软件企业管理与文化.txt,0.1886
概率论与数理统计.txt,软件开发与测试实训.txt,0.1639
概率论与数理统计.txt,软件测试技术.txt,0.3417
概率论与数理统计.txt,软件设计.txt,0.3260
概率论与数理统计.txt,软件项目管理.txt,0.3484
概率论与数理统计.txt,需求工程与UML建模.txt,0.1740
概率论与数理统计.txt,面向对象程序设计C++（A）.txt,0.3599
概率论与数理统计.txt,高级语言程序设计与算法初步（C语言）.txt,0.2893
概率论与数理统计.txt,高级软件工程.txt,0.3071
游戏程序设计.txt,.NET程序设计A.txt,0.2130
游戏程序设计.txt,CC++语言程序设计.txt,0.4444
游戏程序设计.txt,IT基础实训.txt,0.2605
游戏程序设计.txt,J2EE框架.txt,0.2873
游戏程序设计.txt,Java框架.txt,0.0831
游戏程序设计.txt,JAVA程序设计A.txt,0.4169
游戏程序设计.txt,Linux程序设计.txt,0.2754
游戏程序设计.txt,oracle数据库.txt,0.2093
游戏程序设计.txt,python语言程序设计.txt,0.2259
游戏程序设计.txt,Visual C++程序设计.txt,0.2663
游戏程序设计.txt,Web开发基础与JSP.txt,0.1957
游戏程序设计.txt,人机交互技术.txt,0.2775
游戏程序设计.txt,信息安全A.txt,0.2310
游戏程序设计.txt,嵌入式开发环境与工具.txt,0.1363
游戏程序设计.txt,嵌入式系统开发.txt,0.2288
游戏程序设计.txt,微机原理与接口技术.txt,0.2851
游戏程序设计.txt,操作系统原理1.txt,0.1986
游戏程序设计.txt,数字逻辑电路.txt,0.3147
游戏程序设计.txt,数据库原理与应用1.txt,0.3031
游戏程序设计.txt,数据结构1.txt,0.2591
游戏程序设计.txt,概率论与数理统计.txt,0.4139
游戏程序设计.txt,游戏程序设计.txt,0.8917
游戏程序设计.txt,知识产权与软件保护.txt,0.2645
游戏程序设计.txt,离散数学.txt,0.1980
游戏程序设计.txt,算法设计与分析.txt,0.3586
游戏程序设计.txt,线性代数1.txt,0.3571
游戏程序设计.txt,编译原理1.txt,0.1954
游戏程序设计.txt,计算机导论.txt,0.3330
游戏程序设计.txt,计算机网络A.txt,0.3101
游戏程序设计.txt,软件企业管理与文化.txt,0.2269
游戏程序设计.txt,软件开发与测试实训.txt,0.1258
游戏程序设计.txt,软件测试技术.txt,0.2574
游戏程序设计.txt,软件设计.txt,0.2779
游戏程序设计.txt,软件项目管理.txt,0.4411
游戏程序设计.txt,需求工程与UML建模.txt,0.3768
游戏程序设计.txt,面向对象程序设计C++（A）.txt,0.2425
游戏程序设计.txt,高级语言程序设计与算法初步（C语言）.txt,0.3150
游戏程序设计.txt,高级软件工程.txt,0.3048
知识产权与软件保护.txt,.NET程序设计A.txt,0.2582
知识产权与软件保护.txt,CC++语言程序设计.txt,0.1939
知识产权与软件保护.txt,IT基础实训.txt,0.1963
知识产权与软件保护.txt,J2EE框架.txt,0.2472
知识产权与软件保护.txt,Java框架.txt,0.2329
知识产权与软件保护.txt,JAVA程序设计A.txt,0.2064
知识产权与软件保护.txt,Linux程序设计.txt,0.3143
知识产权与软件保护.txt,oracle数据库.txt,0.1966
知识产权与软件保护.txt,python语言程序设计.txt,0.1681
知识产权与软件保护.txt,Visual C++程序设计.txt,0.1526
知识产权与软件保护.txt,Web开发基础与JSP.txt,0.1998
知识产权与软件保护.txt,人机交互技术.txt,0.3693
知识产权与软件保护.txt,信息安全A.txt,0.4515
知识产权与软件保护.txt,嵌入式开发环境与工具.txt,0.3251
知识产权与软件保护.txt,嵌入式系统开发.txt,0.3427
知识产权与软件保护.txt,微机原理与接口技术.txt,0.2590
知识产权与软件保护.txt,操作系统原理1.txt,0.4796
知识产权与软件保护.txt,数字逻辑电路.txt,0.2487
知识产权与软件保护.txt,数据库原理与应用1.txt,0.3388
知识产权与软件保护.txt,数据结构1.txt,0.2956
知识产权与软件保护.txt,概率论与数理统计.txt,0.4045
知识产权与软件保护.txt,游戏程序设计.txt,0.2952
知识产权与软件保护.txt,知识产权与软件保护.txt,0.8955
知识产权与软件保护.txt,离散数学.txt,0.3011
知识产权与软件保护.txt,算法设计与分析.txt,0.2455
知识产权与软件保护.txt,线性代数1.txt,0.3349
知识产权与软件保护.txt,编译原理1.txt,0.2498
知识产权与软件保护.txt,计算机导论.txt,0.2179
知识产权与软件保护.txt,计算机网络A.txt,0.2757
知识产权与软件保护.txt,软件企业管理与文化.txt,0.2411
知识产权与软件保护.txt,软件开发与测试实训.txt,0.2138
知识产权与软件保护.txt,软件测试技术.txt,0.4011
知识产权与软件保护.txt,软件设计.txt,0.1612
知识产权与软件保护.txt,软件项目管理.txt,0.3285
知识产权与软件保护.txt,需求工程与UML建模.txt,0.3429
知识产权与软件保护.txt,面向对象程序设计C++（A）.txt,0.2479
知识产权与软件保护.txt,高级语言程序设计与算法初步（C语言）.txt,0.3772
知识产权与软件保护.txt,高级软件工程.txt,0.2325
离散数学.txt,.NET程序设计A.txt,0.3626
离散数学.txt,CC++语言程序设计.txt,0.3929
离散数学.txt,IT基础实训.txt,0.2647
离散数学.txt,J2EE框架.txt,0.4155
离散数学.txt,Java框架.txt,0.2319
离散数学.txt,JAVA程序设计A.txt,0.3081
离散数学.txt,Linux程序设计.txt,0.3534
离散数学.txt,oracle数据库.txt,0.2589
离散数学.txt,python语言程序设计.txt,0.2584
离散数学.txt,Visual C++程序设计.txt,0.3267
离散数学.txt,Web开发基础与JSP.txt,0.2968
离散数学.txt,人机交互技术.txt,0.2252
离散数学.txt,信息安全A.txt,0.3349
离散数学.txt,嵌入式开发环境与工具.txt,0.3510
离散数学.txt,嵌入式系统开发.txt,0.4305
离散数学.txt,微机原理与接口技术.txt,0.3627
离散数学.txt,操作系统原理1.txt,0.2902
离散数学.txt,数字逻辑电路.txt,0.2622
离散数学.txt,数据库原理与应用1.txt,0.3029
离散数学.txt,数据结构1.txt,0.4548
离散数学.txt,概率论与数理统计.txt,0.3000
离散数学.txt,游戏程序设计.txt,0.2372
离散数学.txt,知识产权与软件保护.txt,0.2821
离散数学.txt,离散数学.txt,0.8852
离散数学.txt,算法设计与分析.txt,0.3354
离散数学.txt,线性代数1.txt,0.2010
离散数学.txt,编译原理1.txt,0.1978
离散数学.txt,计算机导论.txt,0.3605
离散数学.txt,计算机网络A.txt,0.2744
离散数学.txt,软件企业管理与文化.txt,0.3072
离散数学.txt,软件开发与测试实训.txt,0.2558
离散数学.txt,软件测试技术.txt,0.3396
离散数学.txt,软件设计.txt,0.3334
离散数学.txt,软件项目管理.txt,0.2150
离散数学.txt,需求工程与UML建模.txt,0.2723
离散数学.txt,面向对象程序设计C++（A）.txt,0.1956
离散数学.txt,高级语言程序设计与算法初步（C语言）.txt,0.1975
离散数学.txt,高级软件工程.txt,0.2893
算法设计与分析.txt,.NET程序设计A.txt,0.2685
算法设计与分析.txt,CC++语言程序设计.txt,0.2838
算法设计与分析.txt,IT基础实训.txt,0.3413
算法设计与分析.txt,J2EE框架.txt,0.3201
算法设计与分析.txt,Java框架.txt,0.2097
算法设计与分析.txt,JAVA程序设计A.txt,0.3267
算法设计与分析.txt,Linux程序设计.txt,0.2638
算法设计与分析.txt,oracle数据库.txt,0.2856
算法设计与分析.txt,python语言程序设计.txt,0.2719
算法设计与分析.txt,Visual C++程序设计.txt,0.2729
算法设计与分析.txt,Web开发基础与JSP.txt,0.3011
算法设计与分析.txt,人机交互技术.txt,0.3482
算法设计与分析.txt,信息安全A.txt,0.2576
算法设计与分析.txt,嵌入式开发环境与工具.txt,0.2181
算法设计与分析.txt,嵌入式系统开发.txt,0.1147
算法设计与分析.txt,微机原理与接口技术.txt,0.2047
算法设计与分析.txt,操作系统原理1.txt,0.3917
算法设计与分析.txt,数字逻辑电路.txt,0.2140
算法设计与分析.txt,数据库原理与应用1.txt,0.2749
算法设计与分析.txt,数据结构1.txt,0.4377
算法设计与分析.txt,概率论与数理统计.txt,0.3042
算法设计与分析.txt,游戏程序设计.txt,0.3487
算法设计与分析.txt,知识产权与软件保护.txt,0.1716
算法设计与分析.txt,离散数学.txt,0.2772
算法设计与分析.txt,算法设计与分析.txt,0.9201
算法设计与分析.txt,线性代数1.txt,0.3181
算法设计与分析.txt,编译原理1.txt,0.2852
算法设计与分析.txt,计算机导论.txt,0.2762
算法设计与分析.txt,计算机网络A.txt,0.2479
算法设计与分析.txt,软件企业管理与文化.txt,0.2602
算法设计与分析.txt,软件开发与测试实训.txt,0.1569
算法设计与分析.txt,软件测试技术.txt,0.2647
算法设计与分析.txt,软件设计.txt,0.1924
算法设计与分析.txt,软件项目管理.txt,0.1320
算法设计与分析.txt,需求工程与UML建模.txt,0.3649
算法设计与分析.txt,面向对象程序设计C++（A）.txt,0.1901
算法设计与分析.txt,高级语言程序设计与算法初步（C语言）.txt,0.8235
算法设计与分析.txt,高级软件工程.txt,0.1988
线性代数1.txt,.NET程序设计A.txt,0.2928
线性代数1.txt,CC++语言程序设计.txt,0.2117
线性代数1.txt,IT基础实训.txt,0.3726
线性代数1.txt,J2EE框架.txt,0.2850
线性代数1.txt,Java框架.txt,0.2171
线性代数1.txt,JAVA程序设计A.txt,0.3307
线性代数1.txt,Linux程序设计.txt,0.3165
线性代数1.txt,oracle数据库.txt,0.3694
线性代数1.txt,python语言程序设计.txt,0.4141
线性代数1.txt,Visual C++程序设计.txt,0.3127
线性代数1.txt,Web开发基础与JSP.txt,0.2577
线性代数1.txt,人机交互技术.txt,0.4414
线性代数1.txt,信息安全A.txt,0.3953
线性代数1.txt,嵌入式开发环境与工具.txt,0.2783
线性代数1.txt,嵌入式系统开发.txt,0.3830
线性代数1.txt,微机原理与接口技术.txt,0.2816
线性代数1.txt,操作系统原理1.txt,0.4262
线性代数1.txt,数字逻辑电路.txt,0.4779
线性代数1.txt,数据库原理与应用1.txt,0.0846
线性代数1.txt,数据结构1.txt,0.2803
线性代数1.txt,概率论与数理统计.txt,0.3181
线性代数1.txt,游戏程序设计.txt,0.4137
线性代数1.txt,知识产权与软件保护.txt,0.3363
线性代数1.txt,离散数学.txt,0.2782
线性代数1.txt,算法设计与分析.txt,0.3281
线性代数1.txt,线性代数1.txt,0.8907
线性代数1.txt,编译原理1.txt,0.3274
线性代数1.txt,计算机导论.txt,0.2883
线性代数1.txt,计算机网络A.txt,0.2137
线性代数1.txt,软件企业管理与文化.txt,0.3954
线性代数1.txt,软件开发与测试实训.txt,0.1277
线性代数1.txt,软件测试技术.txt,0.1953
线性代数1.txt,软件设计.txt,0.3712
线性代数1.txt,软件项目管理.txt,0.2588
线性代数1.txt,需求工程与UML建模.txt,0.3616
线性代数1.txt,面向对象程序设计C++（A）.txt,0.3108
线性代数1.txt,高级语言程序设计与算法初步（C语言）.txt,0.3400
线性代数1.txt,高级软件工程.txt,0.3048
编译原理1.txt,.NET程序设计A.txt,0.3110
编译原理1.txt,CC++语言程序设计.txt,0.2076
编译原理1.txt,IT基础实训.txt,0.2273
编译原理1.txt,J2EE框架.txt,0.2657
编译原理1.txt,Java框架.txt,0.2328
编译原理1.txt,JAVA程序设计A.txt,0.1595
编译原理1.txt,Linux程序设计.txt,0.1705
编译原理1.txt,oracle数据库.txt,0.1772
编译原理1.txt,python语言程序设计.txt,0.3293
编译原理1.txt,Visual C++程序设计.txt,0.2394
编译原理1.txt,Web开发基础与JSP.txt,0.3143
编译原理1.txt,人机交互技术.txt,0.2931
编译原理1.txt,信息安全A.txt,0.2835
编译原理1.txt,嵌入式开发环境与工具.txt,0.2535
编译原理1.txt,嵌入式系统开发.txt,0.2765
编译原理1.txt,微机原理与接口技术.txt,0.2934
编译原理1.txt,操作系统原理1.txt,0.1823
编译原理1.txt,数字逻辑电路.txt,0.2651
编译原理1.txt,数据库原理与应用1.txt,0.1717
编译原理1.txt,数据结构1.txt,0.4882
编译原理1.txt,概率论与数理统计.txt,0.3435
编译原理1.txt,游戏程序设计.txt,0.2343
编译原理1.txt,知识产权与软件保护.txt,0.2152
编译原理1.txt,离散数学.txt,0.1686
编译原理1.txt,算法设计与分析.txt,0.3915
编译原理1.txt,线性代数1.txt,0.2953
编译原理1.txt,编译原理1.txt,0.9238
编译原理1.txt,计算机导论.txt,0.3574
编译原理1.txt,计算机网络A.txt,0.3692
编译原理1.txt,软件企业管理与文化.txt,0.3935
编译原理1.txt,软件开发与测试实训.txt,0.3104
编译原理1.txt,软件测试技术.txt,0.3395
编译原理1.txt,软件设计.txt,0.2953
编译原理1.txt,软件项目管理.txt,0.3226
编译原理1.txt,需求工程与UML建模.txt,0.1562
编译原理1.txt,面向对象程序设计C++（A）.txt,0.2455
编译原理1.txt,高级语言程序设计与算法初步（C语言）.txt,0.2890
编译原理1.txt,高级软件工程.txt,0.3448
计算机导论.txt,.NET程序设计A.txt,0.2236
计算机导论.txt,CC++语言程序设计.txt,0.1262
计算机导论.txt,IT基础实训.txt,0.4857
计算机导论.txt,J2EE框架.txt,0.4232
计算机导论.txt,Java框架.txt,0.1799
计算机导论.txt,JAVA程序设计A.txt,0.2789
计算机导论.txt,Linux程序设计.txt,0.3040
计算机导论.txt,oracle数据库.txt,0.4462
计算机导论.txt,python语言程序设计.txt,0.2015
计算机导论.txt,Visual C++程序设计.txt,0.1654
计算机导论.txt,Web开发基础与JSP.txt,0.3783
计算机导论.txt,人机交互技术.txt,0.2808
计算机导论.txt,信息安全A.txt,0.2932
计算机导论.txt,嵌入式开发环境与工具.txt,0.2701
计算机导论.txt,嵌入式系统开发.txt,0.3659
计算机导论.txt,微机原理与接口技术.txt,0.2098
计算机导论.txt,操作系统原理1.txt,0.3212
计算机导论.txt,数字逻辑电路.txt,0.2129
计算机导论.txt,数据库原理与应用1.txt,0.4120
计算机导论.txt,数据结构1.txt,0.3354
计算机导论.txt,概率论与数理统计.txt,0.4622
计算机导论.txt,游戏程序设计.txt,0.4241
计算机导论.txt,知识产权与软件保护.txt,0.2673
计算机导论.txt,离散数学.txt,0.3908
计算机导论.txt,算法设计与分析.txt,0.2941
计算机导论.txt,线性代数1.txt,0.3076
计算机导论.txt,编译原理1.txt,0.2736
计算机导论.txt,计算机导论.txt,0.9194
计算机导论.txt,计算机网络A.txt,0.3763
计算机导论.txt,软件企业管理与文化.txt,0.2941
计算机导论.txt,软件开发与测试实训.txt,0.3448
计算机导论.txt,软件测试技术.txt,0.2518
计算机导论.txt,软件设计.txt,0.2604
计算机导论.txt,软件项目管理.txt,0.2303
计算机导论.txt,需求工程与UML建模.txt,0.3654
计算机导论.txt,面向对象程序设计C++（A）.txt,0.1024
计算机导论.txt,高级语言程序设计与算法初步（C语言）.txt,0.2762
计算机导论.txt,高级软件工程.txt,0.3794
计算机网络A.txt,.NET程序设计A.txt,0.1082
计算机网络A.txt,CC++语言程序设计.txt,0.3488
计算机网络A.txt,IT基础实训.txt,0.3223
计算机网络A.txt,J2EE框架.txt,0.3101
计算机网络A.txt,Java框架.txt,0.2670
计算机网络A.txt,JAVA程序设计A.txt,0.2690
计算机网络A.txt,Linux程序设计.txt,0.3857
计算机网络A.txt,oracle数据库.txt,0.3204
计算机网络A.txt,python语言程序设计.txt,0.2588
计算机网络A.txt,Visual C++程序设计.txt,0.2016
计算机网络A.txt,Web开发基础与JSP.txt,0.1799
计算机网络A.txt,人机交互技术.txt,0.4190
计算机网络A.txt,信息安全A.txt,0.2839
计算机网络A.txt,嵌入式开发环境与工具.txt,0.2537
计算机网络A.txt,嵌入式系统开发.txt,0.3980
计算机网络A.txt,微机原理与接口技术.txt,0.2225
计算机网络A.txt,操作系统原理1.txt,0.4180
计算机网络A.txt,数字逻辑电路.txt,0.3687
计算机网络A.txt,数据库原理与应用1.txt,0.2216
计算机网络A.txt,数据结构1.txt,0.3065
计算机网络A.txt,概率论与数理统计.txt,0.2772
计算机网络A.txt,游戏程序设计.txt,0.3282
计算机网络A.txt,知识产权与软件保护.txt,0.3255
计算机网络A.txt,离散数学.txt,0.2881
计算机网络A.txt,算法设计与分析.txt,0.2910
计算机网络A.txt,线性代数1.txt,0.2681
计算机网络A.txt,编译原理1.txt,0.2797
计算机网络A.txt,计算机导论.txt,0.3875
计算机网络A.txt,计算机网络A.txt,0.7976
计算机网络A.txt,软件企业管理与文化.txt,0.4349
计算机网络A.txt,软件开发与测试实训.txt,0.3349
计算机网络A.txt,软件测试技术.txt,0.2801
计算机网络A.txt,软件设计.txt,0.3457
计算机网络A.txt,软件项目管理.txt,0.2562
计算机网络A.txt,需求工程与UML建模.txt,0.2227
计算机网络A.txt,面向对象程序设计C++（A）.txt,0.3643
计算机网络A.txt,高级语言程序设计与算法初步（C语言）.txt,0.2562
计算机网络A.txt,高级软件工程.txt,0.2755
软件企业管理与文化.txt,.NET程序设计A.txt,0.3731
软件企业管理与文化.txt,CC++语言程序设计.txt,0.2750
软件企业管理与文化.txt,IT基础实训.txt,0.1913
软件企业管理与文化.txt,J2EE框架.txt,0.2433
软件企业管理与文化.txt,Java框架.txt,0.2458
软件企业管理与文化.txt,JAVA程序设计A.txt,0.2558
软件企业管理与文化.txt,Linux程序设计.txt,0.2992
软件企业管理与文化.txt,oracle数据库.txt,0.2771
软件企业管理与文化.txt,python语言程序设计.txt,0.4330
软件企业管理与文化.txt,Visual C++程序设计.txt,0.2955
软件企业管理与文化.txt,Web开发基础与JSP.txt,0.1542
软件企业管理与文化.txt,人机交互技术.txt,0.3604
软件企业管理与文化.txt,信息安全A.txt,0.2891
软件企业管理与文化.txt,嵌入式开发环境与工具.txt,0.3068
软件企业管理与文化.txt,嵌入式系统开发.txt,0.4020
软件企业管理与文化.txt,微机原理与接口技术.txt,0.2783
软件企业管理与文化.txt,操作系统原理1.txt,0.4587
软件企业管理与文化.txt,数字逻辑电路.txt,0.3994
软件企业管理与文化.txt,数据库原理与应用1.txt,0.1908
软件企业管理与文化.txt,数据结构1.txt,0.3287
软件企业管理与文化.txt,概率论与数理统计.txt,0.2594
软件企业管理与文化.txt,游戏程序设计.txt,0.2838
软件企业管理与文化.txt,知识产权与软件保护.txt,0.2848
软件企业管理与文化.txt,离散数学.txt,0.2663
软件企业管理与文化.txt,算法设计与分析.txt,0.2916
软件企业管理与文化.txt,线性代数1.txt,0.3831
软件企业管理与文化.txt,编译原理1.txt,0.3436
软件企业管理与文化.txt,计算机导论.txt,0.3039
软件企业管理与文化.txt,计算机网络A.txt,0.3304
软件企业管理与文化.txt,软件企业管理与文化.txt,0.9071
软件企业管理与文化.txt,软件开发与测试实训.txt,0.1335
软件企业管理与文化.txt,软件测试技术.txt,0.2943
软件企业管理与文化.txt,软件设计.txt,0.4049
软件企业管理与文化.txt,软件项目管理.txt,0.3176
软件企业管理与文化.txt,需求工程与UML建模.txt,0.3306
软件企业管理与文化.txt,面向对象程序设计C++（A）.txt,0.2615
软件企业管理与文化.txt,高级语言程序设计与算法初步（C语言）.txt,0.3288
软件企业管理与文化.txt,高级软件工程.txt,0.3159
软件开发与测试实训.txt,.NET程序设计A.txt,0.2295
软件开发与测试实训.txt,CC++语言程序设计.txt,0.2323
软件开发与测试实训.txt,IT基础实训.txt,0.3728
软件开发与测试实训.txt,J2EE框架.txt,0.3339
软件开发与测试实训.txt,Java框架.txt,0.2239
软件开发与测试实训.txt,JAVA程序设计A.txt,0.2049
软件开发与测试实训.txt,Linux程序设计.txt,0.3010
软件开发与测试实训.txt,oracle数据库.txt,0.2663
软件开发与测试实训.txt,python语言程序设计.txt,0.2573
软件开发与测试实训.txt,Visual C++程序设计.txt,0.0777
软件开发与测试实训.txt,Web开发基础与JSP.txt,0.1403
软件开发与测试实训.txt,人机交互技术.txt,0.2670
软件开发与测试实训.txt,信息安全A.txt,0.0806
软件开发与测试实训.txt,嵌入式开发环境与工具.txt,0.2531
软件开发与测试实训.txt,嵌入式系统开发.txt,0.3197
软件开发与测试实训.txt,微机原理与接口技术.txt,0.4441
软件开发与测试实训.txt,操作系统原理1.txt,0.3129
软件开发与测试实训.txt,数字逻辑电路.txt,0.3248
软件开发与测试实训.txt,数据库原理与应用1.txt,0.2505
软件开发与测试实训.txt,数据结构1.txt,0.3616
软件开发与测试实训.txt,概率论与数理统计.txt,0.2219
软件开发与测试实训.txt,游戏程序设计.txt,0.1876
软件开发与测试实训.txt,知识产权与软件保护.txt,0.2547
软件开发与测试实训.txt,离散数学.txt,0.2478
软件开发与测试实训.txt,算法设计与分析.txt,0.3062
软件开发与测试实训.txt,线性代数1.txt,0.1606
软件开发与测试实训.txt,编译原理1.txt,0.3094
软件开发与测试实训.txt,计算机导论.txt,0.3430
软件开发与测试实训.txt,计算机网络A.txt,0.1969
软件开发与测试实训.txt,软件企业管理与文化.txt,0.3680
软件开发与测试实训.txt,软件开发与测试实训.txt,0.7967
软件开发与测试实训.txt,软件测试技术.txt,0.5804
软件开发与测试实训.txt,软件设计.txt,0.3523
软件开发与测试实训.txt,软件项目管理.txt,0.3896
软件开发与测试实训.txt,需求工程与UML建模.txt,0.4023
软件开发与测试实训.txt,面向对象程序设计C++（A）.txt,0.1382
软件开发与测试实训.txt,高级语言程序设计与算法初步（C语言）.txt,0.2256
软件开发与测试实训.txt,高级软件工程.txt,0.3474
软件测试技术.txt,.NET程序设计A.txt,0.3388
软件测试技术.txt,CC++语言程序设计.txt,0.2688
软件测试技术.txt,IT基础实训.txt,0.4103
软件测试技术.txt,J2EE框架.txt,0.4061
软件测试技术.txt,Java框架.txt,0.3144
软件测试技术.txt,JAVA程序设计A.txt,0.2598
软件测试技术.txt,Linux程序设计.txt,0.4299
软件测试技术.txt,oracle数据库.txt,0.2043
软件测试技术.txt,python语言程序设计.txt,0.3979
软件测试技术.txt,Visual C++程序设计.txt,0.2046
软件测试技术.txt,Web开发基础与JSP.txt,0.2115
软件测试技术.txt,人机交互技术.txt,0.3583
软件测试技术.txt,信息安全A.txt,0.2753
软件测试技术.txt,嵌入式开发环境与工具.txt,0.2759
软件测试技术.txt,嵌入式系统开发.txt,0.1254
软件测试技术.txt,微机原理与接口技术.txt,0.3752
软件测试技术.txt,操作系统原理1.txt,0.2807
软件测试技术.txt,数字逻辑电路.txt,0.3192
软件测试技术.txt,数据库原理与应用1.txt,0.2312
软件测试技术.txt,数据结构1.txt,0.2716
软件测试技术.txt,概率论与数理统计.txt,0.2727
软件测试技术.txt,游戏程序设计.txt,0.3197
软件测试技术.txt,知识产权与软件保护.txt,0.4032
软件测试技术.txt,离散数学.txt,0.3553
软件测试技术.txt,算法设计与分析.txt,0.2634
软件测试技术.txt,线性代数1.txt,0.1632
软件测试技术.txt,编译原理1.txt,0.3142
软件测试技术.txt,计算机导论.txt,0.2154
软件测试技术.txt,计算机网络A.txt,0.3060
软件测试技术.txt,软件企业管理与文化.txt,0.3214
软件测试技术.txt,软件开发与测试实训.txt,0.5848
软件测试技术.txt,软件测试技术.txt,0.8677
软件测试技术.txt,软件设计.txt,0.3863
软件测试技术.txt,软件项目管理.txt,0.4047
软件测试技术.txt,需求工程与UML建模.txt,0.3382
软件测试技术.txt,面向对象程序设计C++（A）.txt,0.2137
软件测试技术.txt,高级语言程序设计与算法初步（C语言）.txt,0.2458
软件测试技术.txt,高级软件工程.txt,0.5682
软件设计.txt,.NET程序设计A.txt,0.2801
软件设计.txt,CC++语言程序设计.txt,0.3048
软件设计.txt,IT基础实训.txt,0.4579
软件设计.txt,J2EE框架.txt,0.3440
软件设计.txt,Java框架.txt,0.3556
软件设计.txt,JAVA程序设计A.txt,0.3801
软件设计.txt,Linux程序设计.txt,0.4589
软件设计.txt,oracle数据库.txt,0.3795
软件设计.txt,python语言程序设计.txt,0.3001
软件设计.txt,Visual C++程序设计.txt,0.3363
软件设计.txt,Web开发基础与JSP.txt,0.1910
软件设计.txt,人机交互技术.txt,0.2385
软件设计.txt,信息安全A.txt,0.2729
软件设计.txt,嵌入式开发环境与工具.txt,0.3264
软件设计.txt,嵌入式系统开发.txt,0.3352
软件设计.txt,微机原理与接口技术.txt,0.3051
软件设计.txt,操作系统原理1.txt,0.3085
软件设计.txt,数字逻辑电路.txt,0.3813
软件设计.txt,数据库原理与应用1.txt,0.1146
软件设计.txt,数据结构1.txt,0.2318
软件设计.txt,概率论与数理统计.txt,0.2929
软件设计.txt,游戏程序设计.txt,0.3595
软件设计.txt,知识产权与软件保护.txt,0.1584
软件设计.txt,离散数学.txt,0.2865
软件设计.txt,算法设计与分析.txt,0.1577
软件设计.txt,线性代数1.txt,0.3154
软件设计.txt,编译原理1.txt,0.1450
软件设计.txt,计算机导论.txt,0.2339
软件设计.txt,计算机网络A.txt,0.3530
软件设计.txt,软件企业管理与文化.txt,0.3762
软件设计.txt,软件开发与测试实训.txt,0.2095
软件设计.txt,软件测试技术.txt,0.4302
软件设计.txt,软件设计.txt,0.9253
软件设计.txt,软件项目管理.txt,0.1833
软件设计.txt,需求工程与UML建模.txt,0.1709
软件设计.txt,面向对象程序设计C++（A）.txt,0.3453
软件设计.txt,高级语言程序设计与算法初步（C语言）.txt,0.0983
软件设计.txt,高级软件工程.txt,0.3221
软件项目管理.txt,.NET程序设计A.txt,0.2886
软件项目管理.txt,CC++语言程序设计.txt,0.1910
软件项目管理.txt,IT基础实训.txt,0.1907
软件项目管理.txt,J2EE框架.txt,0.3158
软件项目管理.txt,Java框架.txt,0.0569
软件项目管理.txt,JAVA程序设计A.txt,0.0845
软件项目管理.txt,Linux程序设计.txt,0.2487
软件项目管理.txt,oracle数据库.txt,0.2318
软件项目管理.txt,python语言程序设计.txt,0.2463
软件项目管理.txt,Visual C++程序设计.txt,0.1762
软件项目管理.txt,Web开发基础与JSP.txt,0.1280
软件项目管理.txt,人机交互技术.txt,0.1968
软件项目管理.txt,信息安全A.txt,0.2446
软件项目管理.txt,嵌入式开发环境与工具.txt,0.2874
软件项目管理.txt,嵌入式系统开发.txt,0.2635
软件项目管理.txt,微机原理与接口技术.txt,0.2007
软件项目管理.txt,操作系统原理1.txt,0.3578
软件项目管理.txt,数字逻辑电路.txt,0.3347
软件项目管理.txt,数据库原理与应用1.txt,0.3123
软件项目管理.txt,数据结构1.txt,0.2964
软件项目管理.txt,概率论与数理统计.txt,0.3888
软件项目管理.txt,游戏程序设计.txt,0.3127
软件项目管理.txt,知识产权与软件保护.txt,0.3986
软件项目管理.txt,离散数学.txt,0.3995
软件项目管理.txt,算法设计与分析.txt,0.1914
软件项目管理.txt,线性代数1.txt,0.2169
软件项目管理.txt,编译原理1.txt,0.4151
软件项目管理.txt,计算机导论.txt,0.2295
软件项目管理.txt,计算机网络A.txt,0.3653
软件项目管理.txt,软件企业管理与文化.txt,0.2515
软件项目管理.txt,软件开发与测试实训.txt,0.3673
软件项目管理.txt,软件测试技术.txt,0.4854
软件项目管理.txt,软件设计.txt,0.1668
软件项目管理.txt,软件项目管理.txt,0.8982
软件项目管理.txt,需求工程与UML建模.txt,0.3514
软件项目管理.txt,面向对象程序设计C++（A）.txt,0.3020
软件项目管理.txt,高级语言程序设计与算法初步（C语言）.txt,0.1522
软件项目管理.txt,高级软件工程.txt,0.4494
需求工程与UML建模.txt,.NET程序设计A.txt,0.3282
需求工程与UML建模.txt,CC++语言程序设计.txt,0.1698
需求工程与UML建模.txt,IT基础实训.txt,0.1588
需求工程与UML建模.txt,J2EE框架.txt,0.2585
需求工程与UML建模.txt,Java框架.txt,0.2207
需求工程与UML建模.txt,JAVA程序设计A.txt,0.1665
需求工程与UML建模.txt,Linux程序设计.txt,0.3221
需求工程与UML建模.txt,oracle数据库.txt,0.2330
需求工程与UML建模.txt,python语言程序设计.txt,0.1918
需求工程与UML建模.txt,Visual C++程序设计.txt,0.2186
需求工程与UML建模.txt,Web开发基础与JSP.txt,0.2489
需求工程与UML建模.txt,人机交互技术.txt,0.2261
需求工程与UML建模.txt,信息安全A.txt,0.2559
需求工程与UML建模.txt,嵌入式开发环境与工具.txt,0.2581
需求工程与UML建模.txt,嵌入式系统开发.txt,0.3858
需求工程与UML建模.txt,微机原理与接口技术.txt,0.2199
需求工程与UML建模.txt,操作系统原理1.txt,0.3842
需求工程与UML建模.txt,数字逻辑电路.txt,0.2245
需求工程与UML建模.txt,数据库原理与应用1.txt,0.3526
需求工程与UML建模.txt,数据结构1.txt,0.3193
需求工程与UML建模.txt,概率论与数理统计.txt,0.2647
需求工程与UML建模.txt,游戏程序设计.txt,0.3030
需求工程与UML建模.txt,知识产权与软件保护.txt,0.4281
需求工程与UML建模.txt,离散数学.txt,0.3068
需求工程与UML建模.txt,算法设计与分析.txt,0.1912
需求工程与UML建模.txt,线性代数1.txt,0.1958
需求工程与UML建模.txt,编译原理1.txt,0.1304
需求工程与UML建模.txt,计算机导论.txt,0.2435
需求工程与UML建模.txt,计算机网络A.txt,0.2529
需求工程与UML建模.txt,软件企业管理与文化.txt,0.1794
需求工程与UML建模.txt,软件开发与测试实训.txt,0.4157
需求工程与UML建模.txt,软件测试技术.txt,0.2842
需求工程与UML建模.txt,软件设计.txt,0.1199
需求工程与UML建模.txt,软件项目管理.txt,0.3457
需求工程与UML建模.txt,需求工程与UML建模.txt,0.8862
需求工程与UML建模.txt,面向对象程序设计C++（A）.txt,0.2397
需求工程与UML建模.txt,高级语言程序设计与算法初步（C语言）.txt,0.2392
需求工程与UML建模.txt,高级软件工程.txt,0.3749
面向对象程序设计C++（A）.txt,.NET程序设计A.txt,0.2779
面向对象程序设计C++（A）.txt,CC++语言程序设计.txt,0.4298
面向对象程序设计C++（A）.txt,IT基础实训.txt,0.2077
面向对象程序设计C++（A）.txt,J2EE框架.txt,0.2547
面向对象程序设计C++（A）.txt,Java框架.txt,0.3079
面向对象程序设计C++（A）.txt,JAVA程序设计A.txt,0.3548
面向对象程序设计C++（A）.txt,Linux程序设计.txt,0.2047
面向对象程序设计C++（A）.txt,oracle数据库.txt,0.2157
面向对象程序设计C++（A）.txt,python语言程序设计.txt,0.1842
面向对象程序设计C++（A）.txt,Visual C++程序设计.txt,0.7518
面向对象程序设计C++（A）.txt,Web开发基础与JSP.txt,0.1695
面向对象程序设计C++（A）.txt,人机交互技术.txt,0.2204
面向对象程序设计C++（A）.txt,信息安全A.txt,0.3278
面向对象程序设计C++（A）.txt,嵌入式开发环境与工具.txt,0.0995
面向对象程序设计C++（A）.txt,嵌入式系统开发.txt,0.2448
面向对象程序设计C++（A）.txt,微机原理与接口技术.txt,0.1059
面向对象程序设计C++（A）.txt,操作系统原理1.txt,0.3162
面向对象程序设计C++（A）.txt,数字逻辑电路.txt,0.1400
面向对象程序设计C++（A）.txt,数据库原理与应用1.txt,0.1932
面向对象程序设计C++（A）.txt,数据结构1.txt,0.2430
面向对象程序设计C++（A）.txt,概率论与数理统计.txt,0.2724
面向对象程序设计C++（A）.txt,游戏程序设计.txt,0.2546
面向对象程序设计C++（A）.txt,知识产权与软件保护.txt,0.2084
面向对象程序设计C++（A）.txt,离散数学.txt,0.3269
面向对象程序设计C++（A）.txt,算法设计与分析.txt,0.1200
面向对象程序设计C++（A）.txt,线性代数1.txt,0.2810
面向对象程序设计C++（A）.txt,编译原理1.txt,0.2086
面向对象程序设计C++（A）.txt,计算机导论.txt,0.1648
面向对象程序设计C++（A）.txt,计算机网络A.txt,0.1410
面向对象程序设计C++（A）.txt,软件企业管理与文化.txt,0.3297
面向对象程序设计C++（A）.txt,软件开发与测试实训.txt,0.0913
面向对象程序设计C++（A）.txt,软件测试技术.txt,0.1358
面向对象程序设计C++（A）.txt,软件设计.txt,0.3120
面向对象程序设计C++（A）.txt,软件项目管理.txt,0.1947
面向对象程序设计C++（A）.txt,需求工程与UML建模.txt,0.2549
面向对象程序设计C++（A）.txt,面向对象程序设计C++（A）.txt,0.8608
面向对象程序设计C++（A）.txt,高级语言程序设计与算法初步（C语言）.txt,0.1952
面向对象程序设计C++（A）.txt,高级软件工程.txt,0.1397
高级语言程序设计与算法初步（C语言）.txt,.NET程序设计A.txt,0.2844
高级语言程序设计与算法初步（C语言）.txt,CC++语言程序设计.txt,0.0905
高级语言程序设计与算法初步（C语言）.txt,IT基础实训.txt,0.2092
高级语言程序设计与算法初步（C语言）.txt,J2EE框架.txt,0.3184
高级语言程序设计与算法初步（C语言）.txt,Java框架.txt,0.2949
高级语言程序设计与算法初步（C语言）.txt,JAVA程序设计A.txt,0.2327
高级语言程序设计与算法初步（C语言）.txt,Linux程序设计.txt,0.2895
高级语言程序设计与算法初步（C语言）.txt,oracle数据库.txt,0.2381
高级语言程序设计与算法初步（C语言）.txt,python语言程序设计.txt,0.2979
高级语言程序设计与算法初步（C语言）.txt,Visual C++程序设计.txt,0.1274
高级语言程序设计与算法初步（C语言）.txt,Web开发基础与JSP.txt,0.3125
高级语言程序设计与算法初步（C语言）.txt,人机交互技术.txt,0.2517
高级语言程序设计与算法初步（C语言）.txt,信息安全A.txt,0.2561
高级语言程序设计与算法初步（C语言）.txt,嵌入式开发环境与工具.txt,0.1693
高级语言程序设计与算法初步（C语言）.txt,嵌入式系统开发.txt,0.1166
高级语言程序设计与算法初步（C语言）.txt,微机原理与接口技术.txt,0.0911
高级语言程序设计与算法初步（C语言）.txt,操作系统原理1.txt,0.3576
高级语言程序设计与算法初步（C语言）.txt,数字逻辑电路.txt,0.2561
高级语言程序设计与算法初步（C语言）.txt,数据库原理与应用1.txt,0.2565
高级语言程序设计与算法初步（C语言）.txt,数据结构1.txt,0.3306
高级语言程序设计与算法初步（C语言）.txt,概率论与数理统计.txt,0.2540
高级语言程序设计与算法初步（C语言）.txt,游戏程序设计.txt,0.4153
高级语言程序设计与算法初步（C语言）.txt,知识产权与软件保护.txt,0.3533
高级语言程序设计与算法初步（C语言）.txt,离散数学.txt,0.3475
高级语言程序设计与算法初步（C语言）.txt,算法设计与分析.txt,0.8575
高级语言程序设计与算法初步（C语言）.txt,线性代数1.txt,0.2203
高级语言程序设计与算法初步（C语言）.txt,编译原理1.txt,0.2328
高级语言程序设计与算法初步（C语言）.txt,计算机导论.txt,0.1844
高级语言程序设计与算法初步（C语言）.txt,计算机网络A.txt,0.2332
高级语言程序设计与算法初步（C语言）.txt,软件企业管理与文化.txt,0.1926
高级语言程序设计与算法初步（C语言）.txt,软件开发与测试实训.txt,0.2530
高级语言程序设计与算法初步（C语言）.txt,软件测试技术.txt,0.3249
高级语言程序设计与算法初步（C语言）.txt,软件设计.txt,0.1956
高级语言程序设计与算法初步（C语言）.txt,软件项目管理.txt,0.2037
高级语言程序设计与算法初步（C语言）.txt,需求工程与UML建模.txt,0.3210
高级语言程序设计与算法初步（C语言）.txt,面向对象程序设计C++（A）.txt,0.1602
高级语言程序设计与算法初步（C语言）.txt,高级语言程序设计与算法初步（C语言）.txt,0.8595
高级语言程序设计与算法初步（C语言）.txt,高级软件工程.txt,0.1345
高级软件工程.txt,.NET程序设计A.txt,0.1925
高级软件工程.txt,CC++语言程序设计.txt,0.1215
高级软件工程.txt,IT基础实训.txt,0.3299
高级软件工程.txt,J2EE框架.txt,0.1326
高级软件工程.txt,Java框架.txt,0.2127
高级软件工程.txt,JAVA程序设计A.txt,0.0948
高级软件工程.txt,Linux程序设计.txt,0.3237
高级软件工程.txt,oracle数据库.txt,0.2936
高级软件工程.txt,python语言程序设计.txt,0.3589
高级软件工程.txt,Visual C++程序设计.txt,0.2056
高级软件工程.txt,Web开发基础与JSP.txt,0.2114
高级软件工程.txt,人机交互技术.txt,0.2252
高级软件工程.txt,信息安全A.txt,0.3065
高级软件工程.txt,嵌入式开发环境与工具.txt,0.2592
高级软件工程.txt,嵌入式系统开发.txt,0.2489
高级软件工程.txt,微机原理与接口技术.txt,0.2686
高级软件工程.txt,操作系统原理1.txt,0.2724
高级软件工程.txt,数字逻辑电路.txt,0.2927
高级软件工程.txt,数据库原理与应用1.txt,0.3660
高级软件工程.txt,数据结构1.txt,0.2239
高级软件工程.txt,概率论与数理统计.txt,0.2649
高级软件工程.txt,游戏程序设计.txt,0.2897
高级软件工程.txt,知识产权与软件保护.txt,0.3864
高级软件工程.txt,离散数学.txt,0.3832
高级软件工程.txt,算法设计与分析.txt,0.2198
高级软件工程.txt,线性代数1.txt,0.2871
高级软件工程.txt,编译原理1.txt,0.3295
高级软件工程.txt,计算机导论.txt,0.3218
高级软件工程.txt,计算机网络A.txt,0.2673
高级软件工程.txt,软件企业管理与文化.txt,0.3320
高级软件工程.txt,软件开发与测试实训.txt,0.3930
高级软件工程.txt,软件测试技术.txt,0.4486
高级软件工程.txt,软件设计.txt,0.1842
高级软件工程.txt,软件项目管理.txt,0.5510
高级软件工程.txt,需求工程与UML建模.txt,0.3916
高级软件工程.txt,面向对象程序设计C++（A）.txt,0.0792
高级软件工程.txt,高级语言程序设计与算法初步（C语言）.txt,0.1331
高级软件工程.txt,高级软件工程.txt,0.8726
